"","bag.fraction","cv","interaction.depth","n.minobsinnode","n.trees","shrinkage","region"
"1",0.5,3,4,10,10000,0.0859195982151,"dia_afr_horn"
"2",0.5,3,4,8,9982,0.0155433676838,"dia_central_asia"
"3",0.5,3,4,12,10000,0.0396441166784,"dia_chn_mng"
"4",0.5,3,4,17,10000,0.028466669696,"dia_cssa"
"5",0.5,3,4,13,10000,0.0196744739683,"dia_malay"
"6",0.5,3,2,15,9891,0.0494568533375,"dia_mid_east"
"7",0.5,3,4,13,10000,0.00528874173329,"dia_name"
"8",0.5,3,4,14,10000,0.0326896101451,"dia_se_asia"
